shard_id	native_access_handler	native_access_systems	object_row_handler	object_row_systems	semantic_tests	blocker
traditional-search	traditional	regulator-native-access,native-re2-before,native-re2-after	traditional	regulator-object-row	TestTraditionalBenchmarkInputs,TestBenchmarkRe2SearchExtra	-
traditional-extra-easy2	traditional	regulator-native-access,native-re2-before,native-re2-after	traditional	regulator-object-row	TestTraditionalBenchmarkInputs,TestBenchmarkRe2SearchExtra	-
traditional-extra-fanout	traditional	regulator-native-access,native-re2-before,native-re2-after	traditional	regulator-object-row	TestTraditionalBenchmarkInputs,TestBenchmarkRe2SearchExtra	-
traditional-extra-success	traditional	regulator-native-access,native-re2-before,native-re2-after	traditional	regulator-object-row	TestTraditionalBenchmarkInputs,TestBenchmarkRe2SearchExtra	-
traditional-extra-success1	traditional	regulator-native-access,native-re2-before,native-re2-after	traditional	regulator-object-row	TestTraditionalBenchmarkInputs,TestBenchmarkRe2SearchExtra	-
traditional-extra-alt-match	traditional	regulator-native-access,native-re2-before,native-re2-after	traditional	regulator-object-row	TestTraditionalBenchmarkInputs,TestBenchmarkRe2SearchExtra	-
traditional-extra-alt-engines	traditional	regulator-native-access,native-re2-before,native-re2-after	-	-	TestTraditionalBenchmarkInputs,TestBenchmarkRe2SearchExtra	-
traditional-extra-big-fixed	traditional	regulator-native-access,native-re2-before,native-re2-after	traditional	regulator-object-row	TestTraditionalBenchmarkInputs,TestBenchmarkRe2SearchExtra	-
traditional-capture	traditional	regulator-native-access,native-re2-before,native-re2-after	traditional	regulator-object-row	TestTraditionalBenchmarkInputs,TestBenchmarkRe2SearchExtra	-
compile-public	jmh	regulator-native-access	jmh	regulator-object-row	TestBaselinePublicApiBenchmarks,TestBenchmarkRe2CompileFocused,TestBenchmarkRe2CompilerPhases,TestBenchmarkRe2PublicApi	-
expression-plans-a	jmh	regulator-native-access	jmh	regulator-object-row	TestBenchmarkExpressionPlans,TestRe2BooleanPlans,TestRe2BooleanPlanSemantics,TestUtf8	-
expression-plans-b	jmh	regulator-native-access	jmh	regulator-object-row	TestBenchmarkExpressionPlans,TestRe2BooleanPlans,TestRe2BooleanPlanSemantics,TestUtf8	-
accepted-routes	jmh	regulator-native-access	jmh	regulator-object-row	TestBenchmarkBoundedCharacterClassCounter,TestBenchmarkDfaCountMatches,TestBenchmarkDfaSelfLoopExitScan,TestBenchmarkDfaSmallByteSet,TestBenchmarkNfaCaptureScaling,TestBenchmarkSingleByteRepeatMatcher	-
trino-operations	trino-operations	regulator-native-access,joni	trino-operations	regulator-object-row	TestBenchmarkEverydayTrinoRegexp,TestBenchmarkTrinoRegexp	-
trino-search-edges	jmh	regulator-native-access	jmh	regulator-object-row	TestBenchmarkTrinoRegexpSearchEdges	-
trino-final-line	trino-final-line	regulator-native-access,joni	trino-final-line	regulator-object-row	TestTrinoRegexpFunctions,TestTrinoRegexpLanguage	-
trino-like	trino-like	regulator,trino-optimized,trino-sql	-	-	TestTrinoLikeCorpus	-
like-compile	trino-like	regulator,trino-sql	-	-	TestTrinoLikeCorpus	-
like-single-use	trino-like	regulator,trino-sql	-	-	TestTrinoLikeCorpus	-
like-dfa-single-use	trino-like	regulator,trino-sql,trino-optimized	-	-	TestTrinoLikeCorpus	-
rebar-a	rebar	regulator-native-access,native-re2-before,native-re2-after,joni	rebar	regulator-object-row	TestRebarRunner	-
rebar-b	rebar	regulator-native-access,native-re2-before,native-re2-after,joni	rebar	regulator-object-row	TestRebarRunner	-
rebar-c	rebar	regulator-native-access,native-re2-before,native-re2-after,joni	rebar	regulator-object-row	TestRebarRunner	-
rebar-d	rebar	regulator-native-access,native-re2-before,native-re2-after,joni	rebar	regulator-object-row	TestRebarRunner	-
rebar-e	rebar	regulator-native-access,native-re2-before,native-re2-after,joni	rebar	regulator-object-row	TestRebarRunner	-
rebar-f	rebar	regulator-native-access,native-re2-before,native-re2-after,joni	rebar	regulator-object-row	TestRebarRunner	-
rebar-g	rebar	regulator-native-access,native-re2-before,native-re2-after,joni	rebar	regulator-object-row	TestRebarRunner	-
rebar-h	rebar	regulator-native-access,native-re2-before,native-re2-after,joni	rebar	regulator-object-row	TestRebarRunner	-
rebar-i	rebar	regulator-native-access,native-re2-before,native-re2-after,joni	rebar	regulator-object-row	TestRebarRunner	-
rebar-j	rebar	regulator-native-access,native-re2-before,native-re2-after,joni	rebar	regulator-object-row	TestRebarRunner	-
rebar-k	rebar	regulator-native-access,native-re2-before,native-re2-after,joni	rebar	regulator-object-row	TestRebarRunner	-
rebar-l	rebar	regulator-native-access,native-re2-before,native-re2-after,joni	rebar	regulator-object-row	TestRebarRunner	-
rebar-m	rebar	regulator-native-access,native-re2-before,native-re2-after,joni	rebar	regulator-object-row	TestRebarRunner	-
rebar-n	rebar	regulator-native-access,native-re2-before,native-re2-after,joni	rebar	regulator-object-row	TestRebarRunner	-
rebar-o	rebar	regulator-native-access,native-re2-before,native-re2-after,joni	rebar	regulator-object-row	TestRebarRunner	-
rebar-p	rebar	regulator-native-access,native-re2-before,native-re2-after,joni	rebar	regulator-object-row	TestRebarRunner	-
rebar-q	rebar	regulator-native-access,native-re2-before,native-re2-after,joni	rebar	regulator-object-row	TestRebarRunner	-
rebar-r	rebar	regulator-native-access,native-re2-before,native-re2-after,joni	rebar	regulator-object-row	TestRebarRunner	-
rebar-s	rebar	regulator-native-access,native-re2-before,native-re2-after,joni	rebar	regulator-object-row	TestRebarRunner	-
rebar-t	rebar	regulator-native-access,native-re2-before,native-re2-after,joni	rebar	regulator-object-row	TestRebarRunner	-
lifecycle	lifecycle	regulator-native-access	lifecycle	regulator-object-row	TestBenchmarkDfaCache	-
lifecycle-shared-cold	lifecycle	regulator-native-access	lifecycle	regulator-object-row	TestBenchmarkDfaCache	-
retained-memory	memory-census	regulator-native-access,joni	memory-census	regulator-object-row	TestBenchmarkDfaCache	-
traditional-extra-success-engines	traditional	regulator-native-access,native-re2-before,native-re2-after	-	-	TestTraditionalBenchmarkInputs,TestBenchmarkRe2SearchExtra	-
