benchmark	model	status	reason
captures/contiguous-letters	count-captures	compatible	-
curated/01-literal/sherlock-casei-en	count	compatible	-
curated/01-literal/sherlock-casei-ru	count	compatible	-
curated/01-literal/sherlock-en	count	compatible	-
curated/01-literal/sherlock-ru	count	compatible	-
curated/01-literal/sherlock-zh	count	compatible	-
curated/02-literal-alternate/sherlock-casei-en	count	compatible	-
curated/02-literal-alternate/sherlock-casei-ru	count	compatible	-
curated/02-literal-alternate/sherlock-en	count	compatible	-
curated/02-literal-alternate/sherlock-ru	count	compatible	-
curated/02-literal-alternate/sherlock-zh	count	compatible	-
curated/03-date/ascii	count-spans	compatible	-
curated/03-date/compile-ascii	compile	compatible	-
curated/04-ruff-noqa/compile-real	compile	compatible	-
curated/04-ruff-noqa/real	grep-captures	compatible	-
curated/04-ruff-noqa/tweaked	grep-captures	compatible	-
curated/05-lexer-veryl/compile-single	compile	compatible	-
curated/05-lexer-veryl/single	count-captures	compatible	-
curated/06-cloud-flare-redos/original	count-spans	compatible	-
curated/06-cloud-flare-redos/simplified-long	count-spans	compatible	-
curated/06-cloud-flare-redos/simplified-short	count-spans	compatible	-
curated/07-unicode-character-data/compile	compile	compatible	-
curated/07-unicode-character-data/parse-line	grep-captures	compatible	-
curated/08-words/all-english	count-spans	not-compatible	count mismatch, expected 56691, got 56601
curated/08-words/long-english	count-spans	compatible	-
curated/09-aws-keys/compile-full	compile	compatible	-
curated/09-aws-keys/compile-quick	compile	compatible	-
curated/09-aws-keys/full	grep-captures	compatible	-
curated/09-aws-keys/quick	grep	compatible	-
curated/10-bounded-repeat/capitals	count	compatible	-
curated/10-bounded-repeat/compile-capitals	compile	compatible	-
curated/10-bounded-repeat/compile-context	compile	compatible	-
curated/10-bounded-repeat/context	count	compatible	-
curated/10-bounded-repeat/letters-en	count	compatible	-
curated/10-bounded-repeat/letters-ru	count	compatible	-
curated/11-unstructured-to-json/compile	compile	compatible	-
curated/11-unstructured-to-json/extract	grep-captures	compatible	-
curated/12-dictionary/compile-single	compile	compatible	-
curated/12-dictionary/single	count	compatible	-
curated/14-quadratic/10x	count	compatible	-
curated/14-quadratic/1x	count	compatible	-
curated/14-quadratic/2x	count	compatible	-
dictionary/compile/english-10	compile	compatible	-
dictionary/compile/english-15	compile	compatible	-
dictionary/search/english-10	count-spans	compatible	-
dictionary/search/english-15	count-spans	compatible	-
folly/awyer-inn-busted	count	compatible	-
folly/literal-never-match-frequent	count	compatible	-
folly/literal-never-match-rare	count	compatible	-
folly/literal-never-match-tricksy	count	compatible	-
grep/every-line	grep	compatible	-
grep/long-words-ascii	grep	compatible	-
imported/leipzig/awyer-inn	count	compatible	-
imported/leipzig/bounded-strings-ending-z	count-spans	compatible	-
imported/leipzig/certain-long-strings-ending-x	count	compatible	-
imported/leipzig/huck-saw	count	compatible	-
imported/leipzig/ing	count	compatible	-
imported/leipzig/ing-whitespace	count	compatible	-
imported/leipzig/math-symbols	count	compatible	-
imported/leipzig/non-ascii-alternate	count	compatible	-
imported/leipzig/quotes-bounded	count	compatible	-
imported/leipzig/shing	count	compatible	-
imported/leipzig/tom-river	count	compatible	-
imported/leipzig/tom-sawyer-huckle-fin-insensitive	count	compatible	-
imported/leipzig/tom-sawyer-huckle-fin-prefix-long	count	compatible	-
imported/leipzig/tom-sawyer-huckle-fin-prefix-short	count	compatible	-
imported/leipzig/tom-sawyer-huckle-finn	count	compatible	-
imported/leipzig/twain	count	compatible	-
imported/leipzig/twain-insensitive	count	compatible	-
imported/leipzig/word-ending-nn	count	compatible	-
imported/lh3lh3-reb/date	grep	compatible	-
imported/lh3lh3-reb/email	grep	compatible	-
imported/lh3lh3-reb/uri	grep	compatible	-
imported/lh3lh3-reb/uri-or-email	grep	compatible	-
imported/mariomka/email	count	compatible	-
imported/mariomka/ip	count	compatible	-
imported/mariomka/uri	count	compatible	-
imported/rsc/anchored-literal-long-match	count-spans	compatible	-
imported/rsc/anchored-literal-long-non-match	count-spans	compatible	-
imported/rsc/anchored-literal-short-match	count-spans	compatible	-
imported/rsc/anchored-literal-short-non-match	count-spans	compatible	-
imported/rsc/easy0-1k	count-spans	compatible	-
imported/rsc/easy0-1mb	count-spans	compatible	-
imported/rsc/easy0-32	count-spans	compatible	-
imported/rsc/easy0-32k	count-spans	compatible	-
imported/rsc/easy1-1k	count-spans	compatible	-
imported/rsc/easy1-1mb	count-spans	compatible	-
imported/rsc/easy1-32	count-spans	compatible	-
imported/rsc/easy1-32k	count-spans	compatible	-
imported/rsc/hard-1k	count-spans	compatible	-
imported/rsc/hard-1mb	count-spans	compatible	-
imported/rsc/hard-32	count-spans	compatible	-
imported/rsc/hard-32k	count-spans	compatible	-
imported/rsc/literal	count-spans	compatible	-
imported/rsc/long-needle1	count-spans	compatible	-
imported/rsc/long-needle2	count-spans	compatible	-
imported/rsc/match-class	count-spans	compatible	-
imported/rsc/match-class-in-range	count-spans	compatible	-
imported/rsc/match-class-unicode	count-spans	compatible	-
imported/rsc/medium-1k	count-spans	compatible	-
imported/rsc/medium-1mb	count-spans	compatible	-
imported/rsc/medium-32	count-spans	compatible	-
imported/rsc/medium-32k	count-spans	compatible	-
imported/rsc/no-exponential	count-spans	compatible	-
imported/rsc/not-literal	count-spans	compatible	-
imported/rsc/one-pass-long-prefix	count-spans	compatible	-
imported/rsc/one-pass-long-prefix-not	count-spans	compatible	-
imported/rsc/one-pass-short	count-spans	compatible	-
imported/rsc/one-pass-short-not	count-spans	compatible	-
imported/rsc/reallyhard0-1k	count-spans	compatible	-
imported/rsc/reallyhard0-1mb	count-spans	compatible	-
imported/rsc/reallyhard0-32	count-spans	compatible	-
imported/rsc/reallyhard0-32k	count-spans	compatible	-
imported/rsc/reallyreallyhard0-1k	count-spans	compatible	-
imported/rsc/reallyreallyhard0-1mb	count-spans	compatible	-
imported/rsc/reallyreallyhard0-32	count-spans	compatible	-
imported/rsc/reallyreallyhard0-32k	count-spans	compatible	-
imported/rsc/reallyreallyreallyhard0-1k	count-spans	compatible	-
imported/rsc/reallyreallyreallyhard0-1mb	count-spans	compatible	-
imported/rsc/reallyreallyreallyhard0-32	count-spans	compatible	-
imported/rsc/reallyreallyreallyhard0-32k	count-spans	compatible	-
imported/sherlock/before-after-holmes	count-spans	compatible	-
imported/sherlock/before-holmes	count-spans	compatible	-
imported/sherlock/everything-greedy	count-spans	compatible	-
imported/sherlock/everything-greedy-nl	count-spans	compatible	-
imported/sherlock/holmes-cochar-watson	count-spans	compatible	-
imported/sherlock/holmes-coword-watson	count-spans	compatible	-
imported/sherlock/ing-suffix	count-spans	compatible	-
imported/sherlock/ing-suffix-limited-space	count-spans	compatible	-
imported/sherlock/letters	count-spans	compatible	-
imported/sherlock/letters-lower	count-spans	compatible	-
imported/sherlock/letters-upper	count-spans	compatible	-
imported/sherlock/line-boundary-sherlock-holmes	count-spans	compatible	-
imported/sherlock/name-alt1	count-spans	compatible	-
imported/sherlock/name-alt2	count-spans	compatible	-
imported/sherlock/name-alt3	count-spans	compatible	-
imported/sherlock/name-alt3-casei	count-spans	compatible	-
imported/sherlock/name-alt4	count-spans	compatible	-
imported/sherlock/name-alt4-casei	count-spans	compatible	-
imported/sherlock/name-alt5	count-spans	compatible	-
imported/sherlock/name-alt5-casei	count-spans	compatible	-
imported/sherlock/name-holmes	count-spans	compatible	-
imported/sherlock/name-holmes-casei	count-spans	compatible	-
imported/sherlock/name-sherlock	count-spans	compatible	-
imported/sherlock/name-sherlock-casei	count-spans	compatible	-
imported/sherlock/name-sherlock-holmes	count-spans	compatible	-
imported/sherlock/name-sherlock-holmes-casei	count-spans	compatible	-
imported/sherlock/name-whitespace	count-spans	compatible	-
imported/sherlock/no-match-common	count-spans	compatible	-
imported/sherlock/no-match-really-common	count-spans	compatible	-
imported/sherlock/no-match-uncommon	count-spans	compatible	-
imported/sherlock/quotes	count-spans	compatible	-
imported/sherlock/repeated-class-negation	count-spans	compatible	-
imported/sherlock/the-casei	count-spans	compatible	-
imported/sherlock/the-lower	count-spans	compatible	-
imported/sherlock/the-upper	count-spans	compatible	-
imported/sherlock/word-ending-n	count-spans	compatible	-
imported/sherlock/words	count-spans	compatible	-
opt/accelerate/non-dna	count-spans	compatible	-
opt/accelerate/whole-line	grep	compatible	-
opt/backtrack/words-english	grep-captures	not-compatible	count mismatch, expected 40536, got 40522
opt/fixed-length/go33484-1	count	compatible	-
opt/fixed-length/go33484-2	count	compatible	-
opt/fixed-length/go33484-3	count	compatible	-
opt/fixed-length/too-big-ascii	count	compatible	-
opt/fixed-length/too-small-ascii	count	compatible	-
opt/literal-alt/one-pattern	count	compatible	-
opt/onepass/first-three-words-english	grep-captures	compatible	-
opt/onepass/fn-predicate	grep-captures	compatible	-
opt/prefilter/literal-casei-english	count	compatible	-
opt/prefilter/literal-casei-russian	count	compatible	-
opt/prefilter/literal-english	count	compatible	-
opt/prefilter/literal-russian	count	compatible	-
opt/prefilter/rust-functions	count-captures	compatible	-
opt/reverse-anchored/word-end	count-spans	compatible	-
opt/reverse-inner/email	count-spans	compatible	-
opt/reverse-inner/factored-prefix	count-spans	compatible	-
opt/reverse-inner/holmes	count-spans	compatible	-
opt/reverse-inner/no-quadratic-backward	count-spans	compatible	-
opt/reverse-inner/no-quadratic-forward	count-spans	compatible	-
opt/reverse-suffix/holmes	count-spans	compatible	-
opt/reverse-suffix/no-quadratic	count-spans	compatible	-
opt/reverse-suffix/unsound-leftmost-first	count	compatible	-
opt/reverse-suffix/unsound-start-literal-order-mismatch	count	compatible	-
reported/i1095-word-repetition/ascii-compile	compile	compatible	-
reported/i1095-word-repetition/ascii-search	count-spans	compatible	-
reported/i1095-word-repetition/unicode-compile	compile	compatible	-
reported/i1095-word-repetition/unicode-search	count-spans	compatible	-
reported/i13-subset-regex/big-ascii	count	compatible	-
reported/i13-subset-regex/big-unicode	count	compatible	-
reported/i13-subset-regex/huge-ascii	count	compatible	-
reported/i13-subset-regex/huge-ascii-nosuffixlit	count	compatible	-
reported/i13-subset-regex/huge-unicode	count	compatible	-
reported/i13-subset-regex/huge-unicode-nosuffixlit	count	compatible	-
reported/i13-subset-regex/original-ascii	count	compatible	-
reported/i13-subset-regex/original-unicode	count	compatible	-
reported/i787-keywords/ascii	count-spans	compatible	-
reported/i787-keywords/compile	compile	compatible	-
reported/i787-keywords/opt-ascii	count-spans	compatible	-
reported/i988-cloudflare-compile/javascript-obfuscation	compile	compatible	-
reported/i988-cloudflare-compile/sql-injection	compile	compatible	-
slow/quadratic-haystack-1x	count	compatible	-
slow/quadratic-haystack-2x	count	compatible	-
slow/quadratic-regex-1x	count	compatible	-
slow/quadratic-regex-2x	count	compatible	-
unicode/codepoints/any-all	count-spans	compatible	-
unicode/codepoints/any-one	count	compatible	-
unicode/codepoints/contiguous-greek	count	not-compatible	count mismatch, expected 36, got 33
unicode/codepoints/letters-one	count	not-compatible	count mismatch, expected 1244, got 930
unicode/compile/fifty-letters	compile	compatible	-
unicode/compile/fifty-letters-ascii	compile	compatible	-
unicode/compile/match-every-line	compile	not-compatible	count mismatch, expected 3, got 4
unicode/compile/match-every-line-ascii	compile	compatible	-
unicode/compile/negated-class-matches-codepoint	compile	compatible	-
unicode/compile/one-letter	compile	compatible	-
unicode/overlapping-words/ascii	grep-captures	compatible	-
unicode/overlapping-words/english	grep-captures	compatible	-
unicode/overlapping-words/russian	grep-captures	compatible	-
unicode/word/around-holmes-english	count-spans	compatible	-
unicode/word/boundary-any-english	count-spans	not-compatible	count mismatch, expected 450561, got 450500
unicode/word/boundary-long-english	count-spans	compatible	-
wild/bibleref/compile	compile	not-compatible	pattern syntax unsupported by Trino Joni
wild/bibleref/line	grep-captures	not-compatible	pattern syntax unsupported by Trino Joni
wild/bibleref/long	count-captures	not-compatible	pattern syntax unsupported by Trino Joni
wild/bibleref/short	count-captures	not-compatible	pattern syntax unsupported by Trino Joni
wild/caddy/caddy	count-captures	compatible	-
wild/dot-star-capture/rust-src-tools	count-captures	compatible	-
wild/ruff/noqa	grep-captures	not-compatible	pattern syntax unsupported by Trino Joni
wild/ruff/shebang	grep-captures	not-compatible	pattern syntax unsupported by Trino Joni
wild/ruff/space-around-operator	grep-captures	compatible	-
wild/ruff/string-quote-prefix	grep-captures	not-compatible	pattern syntax unsupported by Trino Joni
wild/ruff/unnecessary-coding-comment	grep	compatible	-
wild/rustsec-cargo-audit/both-alternate	count-captures	compatible	-
wild/rustsec-cargo-audit/both-slashes	count-captures	compatible	-
wild/rustsec-cargo-audit/original-unix	count-captures	compatible	-
wild/rustsec-cargo-audit/original-windows	count-captures	compatible	-
wild/url/compile	compile	compatible	-
wild/url/search	count-spans	compatible	-
